{
  "name": "master",
  "version": "0.1.0",
  "private": true,
  "homepage": "http://localhost/wedding-guestbook-app/build",
  "dependencies": {
    "argon-design-system-react": "^1.1.0",
    "axios": "^0.19.2",
    "bootstrap": "^4.5.0",
    "react": "^16.13.1",
    "react-bootstrap": "^1.0.1",
    "react-bootstrap-icons": "^1.0.3-alpha5",
    "react-codemod": "^5.2.0",
    "react-dom": "^16.13.1",
    "react-loader": "^2.4.7",
    "react-notifications": "^1.6.0",
    "react-router-dom": "^5.1.2",
    "react-router-scroll-top": "^0.2.1",
    "react-scripts": "^3.4.1"
  },
  "scripts": {
    "start": "react-scripts start",
    "postinstall": "jscodeshift --silent --babel --transform ./node_modules/babel-plugin-react-rename-unsafe-lifecycle/lib/rename-unsafe-lifecycles.js */react-*/**.js --ignore-pattern */react-native/",
    "build": "react-scripts build",
    "test": "react-scripts test",
    "eject": "react-scripts eject"
  },
  "eslintConfig": {
    "extends": "react-app"
  },
  "browserslist": {
    "production": [
      ">0.2%",
      "not dead",
      "not op_mini all"
    ],
    "development": [
      "last 1 chrome version",
      "last 1 firefox version",
      "last 1 safari version"
    ]
  }
}
